step,system_total_stopped,system_total_waiting_time,system_mean_waiting_time,system_mean_speed,t_stopped,t_accumulated_waiting_time,t_average_speed,agents_total_stopped,agents_total_accumulated_waiting_time,average_waiting_time
0.0,0,0.0,0.0,0.0,0,0.0,1.0,0,0.0,0.0
5.0,0,0.0,0.0,12.463258334362743,0,0.0,0.893467026326357,0,0.0,0.0
10.0,0,0.0,0.0,11.188731015667562,0,0.0,0.8145111726433862,0,0.0,0.0
15.0,3,4.0,0.2222222222222222,6.74576327464462,3,4.0,0.4500177044646366,3,4.0,0.2222222222222222
20.0,9,43.0,2.388888888888889,6.668428346096484,9,43.0,0.36874699774833314,9,43.0,2.388888888888889
25.0,6,60.0,2.857142857142857,4.543379534647649,6,66.0,0.2476856704011642,6,66.0,3.8095238095238093
30.0,8,99.0,4.714285714285714,7.341841630092453,8,99.0,0.4101812779099294,8,99.0,5.666666666666667
35.0,4,77.0,3.08,7.637340598712326,4,92.0,0.4221753428723315,4,92.0,5.96
40.0,8,109.0,4.1923076923076925,8.506127604954994,8,109.0,0.4963252776827452,8,109.0,6.961538461538462
45.0,5,34.0,1.2142857142857142,7.717946117001502,5,87.0,0.4346956007001993,5,87.0,7.607142857142857
50.0,9,71.0,2.730769230769231,7.802259428584884,9,71.0,0.343474152129753,9,71.0,9.615384615384615
55.0,6,30.0,1.0714285714285714,7.659958709321873,6,80.0,0.40489129121947465,6,80.0,10.392857142857142
60.0,2,20.0,0.8695652173913043,8.185667232524064,2,35.0,0.4115979941774226,2,35.0,13.217391304347826
65.0,2,2.0,0.07692307692307693,8.701648477057429,2,13.0,0.5020340996048536,2,13.0,12.076923076923077
70.0,7,25.0,1.1363636363636365,8.14633858581748,7,33.0,0.3810829043962934,7,33.0,15.363636363636363
75.0,5,16.0,0.5333333333333333,7.490747214384659,5,47.0,0.48601551609613697,5,47.0,12.366666666666667
80.0,2,11.0,0.4230769230769231,9.691285989648714,2,31.0,0.6597090592373377,2,31.0,14.807692307692308
85.0,7,35.0,1.09375,6.452379098827999,7,55.0,0.34161890019318436,7,55.0,12.78125
90.0,18,102.0,3.5172413793103448,4.617796915996411,18,122.0,0.2304541898172652,18,122.0,16.413793103448278
95.0,12,118.0,4.214285714285714,3.117318871204385,12,166.0,0.2124488087134343,12,166.0,19.785714285714285
100.0,10,136.0,4.533333333333333,5.968076071093906,10,173.0,0.3164406099956918,10,173.0,20.3
105.0,5,72.0,2.1818181818181817,6.701986297977743,5,142.0,0.3499999223254003,5,142.0,19.666666666666668
110.0,10,113.0,3.2285714285714286,7.074520288408007,10,134.0,0.3778786619467048,10,134.0,19.714285714285715
115.0,8,124.0,3.6470588235294117,6.507163443605401,8,155.0,0.35213902308613476,8,155.0,21.823529411764707
120.0,4,130.0,4.0625,7.729916120079052,4,153.0,0.43180836496411107,4,153.0,24.09375
125.0,9,160.0,5.0,8.066871490053936,9,163.0,0.36280430069773734,9,163.0,25.03125
130.0,6,27.0,0.9642857142857143,6.3940423956772365,6,121.0,0.3149044165153646,6,121.0,30.035714285714285
135.0,10,54.0,1.9285714285714286,6.606979987631592,10,63.0,0.3025412159011791,10,63.0,31.392857142857142
140.0,8,59.0,2.107142857142857,7.058214488082345,8,87.0,0.34827431115173035,8,87.0,33.142857142857146
145.0,5,70.0,2.3333333333333335,8.79798245925856,5,76.0,0.4742655001074431,5,76.0,31.733333333333334
150.0,2,2.0,0.0625,9.01797238225281,2,47.0,0.540075861704922,2,47.0,30.34375
155.0,6,25.0,0.9615384615384616,8.343719513513424,6,31.0,0.4714626622701162,6,31.0,38.23076923076923
160.0,7,17.0,0.5666666666666667,6.73760359951988,7,44.0,0.31966465118618687,7,44.0,34.3
165.0,6,40.0,1.5384615384615385,7.711079092587021,6,49.0,0.32032849454428225,6,49.0,40.80769230769231
170.0,7,53.0,1.8928571428571428,6.67975938601801,7,60.0,0.2988757847518378,7,60.0,38.92857142857143
175.0,12,108.0,4.909090909090909,4.669037353678327,12,115.0,0.24584531497270415,12,115.0,52.04545454545455
180.0,10,122.0,4.88,4.204935861541133,10,152.0,0.2290840057707403,10,152.0,48.12
185.0,8,148.0,5.103448275862069,7.2554956595817695,8,163.0,0.4057349845622444,8,163.0,42.89655172413793
190.0,6,62.0,1.9375,7.522416833768156,6,124.0,0.40984131491567216,6,124.0,39.875
195.0,11,105.0,3.6206896551724137,6.673469336588736,11,110.0,0.28018454672336457,11,110.0,45.48275862068966
200.0,10,127.0,4.096774193548387,6.116248137685875,10,151.0,0.2826560234015492,10,151.0,44.516129032258064
205.0,9,155.0,5.535714285714286,6.700834107097992,9,162.0,0.3057322887685945,9,162.0,50.714285714285715
210.0,6,31.0,1.0333333333333334,6.804473600458187,6,124.0,0.34710068609814726,6,124.0,48.6
215.0,9,53.0,2.12,6.490791313376512,9,72.0,0.29799366853064674,9,72.0,59.68
220.0,8,45.0,1.2857142857142858,7.245534752213966,8,90.0,0.40589214948576613,8,90.0,43.8
225.0,5,51.0,1.6451612903225807,9.179748642583657,5,82.0,0.558219923883762,5,82.0,50.45161290322581
230.0,7,78.0,2.2285714285714286,7.893475071769272,7,90.0,0.374838503258295,7,90.0,45.457142857142856
235.0,8,67.0,2.2333333333333334,6.492660389836155,8,102.0,0.3094324963111429,8,102.0,54.7
240.0,10,115.0,3.8333333333333335,5.961936068886387,10,115.0,0.25328944280255455,10,115.0,56.3
245.0,14,154.0,5.5,5.803935328382701,14,154.0,0.2839483354719269,14,154.0,62.57142857142857
250.0,15,225.0,8.035714285714286,4.2203698725746,15,225.0,0.20322835973876938,15,225.0,65.10714285714286
255.0,14,212.0,6.625,5.142855182174172,14,266.0,0.3181062149118042,14,266.0,59.375
260.0,9,226.0,6.647058823529412,6.633059536223822,9,261.0,0.4068631102251134,9,261.0,57.3235294117647
265.0,10,77.0,2.138888888888889,5.427949315613375,10,209.0,0.2727106153552959,10,209.0,55.388888888888886
270.0,14,137.0,3.914285714285714,5.5110316751032435,14,173.0,0.27330409316681187,14,173.0,58.714285714285715
275.0,14,159.0,4.676470588235294,5.433819263340123,14,207.0,0.20523370481763806,14,207.0,62.64705882352941
280.0,9,170.0,4.857142857142857,6.360790239850482,9,210.0,0.3104866201693492,9,210.0,62.31428571428572
285.0,6,33.0,1.03125,5.0644354020562545,6,171.0,0.24052972184457377,6,171.0,69.375
290.0,10,56.0,1.435897435897436,6.3622398108332465,10,112.0,0.3728801037668569,10,112.0,57.92307692307692
295.0,9,57.0,1.5,6.608179846501204,9,116.0,0.39969792194245823,9,116.0,60.8421052631579
300.0,4,38.0,1.0555555555555556,6.49935612900277,4,96.0,0.3408528272781069,4,96.0,65.13888888888889
305.0,7,66.0,1.8333333333333333,7.1070124115834155,7,88.0,0.351636807304773,7,88.0,65.97222222222223
310.0,10,101.0,3.0606060606060606,6.0225315835104,10,117.0,0.2938929163579485,10,117.0,73.33333333333333
315.0,17,169.0,4.970588235294118,4.707996397124585,17,185.0,0.21115199734036375,17,185.0,73.17647058823529
320.0,17,223.0,6.96875,3.1705136097668802,17,253.0,0.16863606030352077,17,253.0,80.65625
325.0,12,259.0,7.194444444444445,5.664707018627936,12,292.0,0.32970231732957667,12,292.0,73.61111111111111
330.0,11,172.0,4.526315789473684,5.4023181146668895,11,291.0,0.2886224929064343,11,291.0,71.39473684210526
335.0,15,223.0,6.027027027027027,5.096860154270101,15,267.0,0.26304119332828674,15,267.0,75.0
340.0,20,257.0,6.7631578947368425,3.2778408714377107,20,328.0,0.10140200187846253,20,328.0,75.44736842105263
345.0,14,287.0,7.358974358974359,5.554208358893324,14,350.0,0.244363651259915,14,350.0,75.66666666666667
350.0,10,89.0,2.3421052631578947,5.2068095241102315,10,281.0,0.20538141845885272,10,281.0,79.15789473684211
355.0,12,101.0,2.72972972972973,5.6567885658794435,12,194.0,0.27358527272740685,12,194.0,82.64864864864865
360.0,14,133.0,3.911764705882353,3.6193775297860418,14,219.0,0.06488062464608108,14,219.0,92.0
365.0,12,166.0,3.86046511627907,7.057755927922921,12,243.0,0.4019088587554426,12,243.0,74.30232558139535
370.0,7,48.0,1.2307692307692308,5.49596883774936,7,218.0,0.29376126833299177,7,218.0,83.1025641025641
375.0,16,83.0,2.024390243902439,5.026074086559842,16,172.0,0.23610151446375247,16,172.0,80.34146341463415
380.0,26,182.0,4.666666666666667,3.1970814187061345,26,271.0,0.09869552570129733,26,271.0,87.2051282051282
385.0,30,323.0,7.690476190476191,3.314396332351018,30,412.0,0.14926771831681723,30,412.0,84.33333333333333
390.0,27,354.0,9.076923076923077,2.153294962813083,27,503.0,0.08320202206528562,27,503.0,94.53846153846153
395.0,19,307.0,7.487804878048781,3.71592889994525,19,501.0,0.14817101671440874,19,501.0,92.63414634146342
400.0,14,315.0,6.8478260869565215,5.94604789743643,14,488.0,0.26441332098795994,14,488.0,84.28260869565217
405.0,8,169.0,3.6739130434782608,6.402041338290707,8,421.0,0.36663875752898745,8,421.0,85.54347826086956
410.0,16,231.0,5.25,5.494006431480269,16,365.0,0.24659773282389508,16,365.0,90.8409090909091
415.0,18,122.0,2.772727272727273,4.534449910334085,18,365.0,0.18501436732347992,18,365.0,92.88636363636364
420.0,20,157.0,3.925,4.008235649680609,20,327.0,0.09839175165109566,20,327.0,104.4
425.0,20,161.0,3.8333333333333335,4.451705289782479,20,327.0,0.1721883009298533,20,327.0,101.80952380952381
430.0,13,105.0,2.763157894736842,4.626286081185898,13,293.0,0.16161800124550435,13,293.0,114.60526315789474
435.0,10,97.0,2.108695652173913,7.817389801473894,10,227.0,0.43151363423741096,10,227.0,95.84782608695652
440.0,8,127.0,3.097560975609756,8.48825289019774,8,208.0,0.4874755490014997,8,208.0,108.53658536585365
445.0,10,169.0,3.9302325581395348,7.92014502390768,10,207.0,0.422121923140265,10,207.0,104.46511627906976
450.0,13,114.0,3.1666666666666665,4.881479473668744,13,214.0,0.23743575096852979,13,214.0,126.69444444444444
455.0,16,171.0,4.75,5.140167957809885,16,204.0,0.24748774944334673,16,204.0,128.58333333333334
460.0,18,210.0,5.833333333333333,4.746564011868902,18,263.0,0.21327515528721627,18,263.0,131.05555555555554
465.0,12,247.0,6.861111111111111,5.756960124855611,12,289.0,0.2943248278233404,12,289.0,132.94444444444446
470.0,9,106.0,2.65,6.158131227253589,9,232.0,0.3436087601992382,9,232.0,120.95
475.0,15,171.0,4.5,5.74594777660661,15,209.0,0.284214464924423,15,209.0,129.02631578947367
480.0,15,213.0,5.756756756756757,4.941071893073764,15,269.0,0.24160949371052023,15,269.0,134.78378378378378
485.0,13,240.0,6.486486486486487,5.047849763882114,13,295.0,0.22777112522240492,13,295.0,136.56756756756758
490.0,11,137.0,3.7027027027027026,4.935737171661539,11,278.0,0.210404165147853,11,278.0,138.21621621621622
495.0,13,176.0,4.631578947368421,5.604009225664686,13,235.0,0.2490142851855943,13,235.0,136.07894736842104
500.0,16,208.0,5.777777777777778,4.571198713612023,16,284.0,0.19944459670614734,16,284.0,145.80555555555554
505.0,13,243.0,6.394736842105263,5.730600406084848,13,308.0,0.2608608615094366,13,308.0,139.92105263157896
510.0,14,176.0,4.190476190476191,6.784179828296495,14,236.0,0.38042365691148505,14,236.0,128.16666666666666
515.0,19,256.0,6.918918918918919,3.8386262624604606,19,316.0,0.17052977148616683,19,316.0,147.64864864864865
520.0,22,312.0,7.609756097560975,3.3414707554650174,22,391.0,0.17692512266483454,22,391.0,135.9268292682927
525.0,18,372.0,9.538461538461538,3.756387384268223,18,431.0,0.12085854897607108,18,431.0,145.35897435897436
530.0,14,249.0,5.659090909090909,5.382467423125188,14,410.0,0.2470077050124393,14,410.0,130.5909090909091
535.0,18,300.0,7.6923076923076925,4.7580678087352375,18,372.0,0.17459813527600795,18,372.0,149.2051282051282
540.0,19,169.0,4.225,4.250224032631139,19,358.0,0.14442669206306166,19,358.0,147.925
545.0,17,171.0,4.170731707317073,4.938240850040774,17,246.0,0.21650032350093784,17,246.0,146.41463414634146
550.0,17,169.0,3.9302325581395348,5.336947106223947,17,292.0,0.28102302474474317,17,292.0,141.7906976744186
555.0,12,112.0,2.6666666666666665,5.237712042705595,12,266.0,0.17077800000417795,12,266.0,146.8095238095238
560.0,13,140.0,3.4146341463414633,7.247280394123537,13,263.0,0.3368090045689013,13,263.0,152.0487804878049
565.0,12,195.0,5.0,7.232070899874374,12,272.0,0.29479062517162025,12,272.0,161.3846153846154
570.0,10,154.0,4.277777777777778,6.12032244136084,10,271.0,0.327672018735434,10,271.0,176.55555555555554
575.0,13,197.0,6.15625,5.249690265930658,13,252.0,0.21003821105618453,13,252.0,200.28125
580.0,10,215.0,5.2439024390243905,6.558752743058755,10,274.0,0.3583322481947421,10,274.0,157.82926829268294
585.0,8,240.0,6.315789473684211,7.843208909917965,8,279.0,0.4370518083725883,8,279.0,171.57894736842104
590.0,10,104.0,2.6666666666666665,5.546935367717085,10,217.0,0.26729897360875365,10,217.0,168.25641025641025
595.0,14,161.0,4.735294117647059,5.374348510941651,14,183.0,0.25162707997682215,14,183.0,194.7941176470588
600.0,18,198.0,5.5,3.832300916219235,18,242.0,0.14390157718085034,18,242.0,186.22222222222223
605.0,12,239.0,6.828571428571428,5.70033401582304,12,277.0,0.29370127706495264,12,277.0,193.6
610.0,12,173.0,4.805555555555555,5.207685048252028,12,226.0,0.24683246650311247,12,226.0,189.88888888888889
615.0,20,257.0,6.589743589743589,4.94656139577515,20,289.0,0.2442335919361867,20,289.0,177.43589743589743
620.0,17,302.0,7.743589743589744,4.824272510274953,17,356.0,0.28973137724509684,17,356.0,179.94871794871796
625.0,15,336.0,8.842105263157896,4.7992670512493225,15,378.0,0.25547153642809506,15,378.0,186.71052631578948
630.0,13,165.0,3.9285714285714284,4.944892877255331,13,354.0,0.2599058170180714,13,354.0,170.5952380952381
635.0,16,179.0,4.7105263157894735,5.060448294406962,16,279.0,0.21920773276736039,16,279.0,190.28947368421052
640.0,14,212.0,5.170731707317073,5.251505691286238,14,288.0,0.218603550169452,14,288.0,178.26829268292684
645.0,12,242.0,6.54054054054054,5.819915006044886,12,311.0,0.24865112726489677,12,311.0,199.35135135135135
650.0,7,68.0,1.5813953488372092,6.372474147822553,7,244.0,0.3801301524470628,7,244.0,172.65116279069767
655.0,14,105.0,2.5609756097560976,6.603807112879917,14,181.0,0.38652363195198436,14,181.0,182.4878048780488
660.0,13,135.0,3.375,4.474956815065509,13,222.0,0.20376047755801957,13,222.0,188.95
665.0,16,171.0,4.275,4.973364296271951,16,258.0,0.2449075490282362,16,258.0,190.975
670.0,9,83.0,2.075,5.145530259959001,9,231.0,0.25876984520368174,9,231.0,192.55
675.0,14,120.0,3.076923076923077,5.516879134631643,14,176.0,0.24508584772772649,14,176.0,198.94871794871796
680.0,17,170.0,4.473684210526316,4.517073876154335,17,226.0,0.16969682113497372,17,226.0,206.26315789473685
685.0,25,283.0,6.902439024390244,4.4449478479722995,25,339.0,0.20855072358696672,25,339.0,193.9268292682927
690.0,22,306.0,7.846153846153846,3.4769630567867815,22,412.0,0.18227577125656982,22,412.0,207.0
695.0,14,262.0,6.55,4.290112100411558,14,422.0,0.2154774107930247,14,422.0,204.075
700.0,16,291.0,6.928571428571429,5.607291906535788,16,405.0,0.2064879188393261,16,405.0,196.14285714285714
705.0,10,133.0,3.1666666666666665,5.4082462222914005,10,360.0,0.24571609151969623,10,360.0,197.66666666666666
710.0,15,168.0,4.3076923076923075,4.582525260514337,15,287.0,0.16368578739534057,15,287.0,214.4102564102564
715.0,18,216.0,5.4,4.895555836712593,18,328.0,0.20593994186142792,18,328.0,211.275
720.0,13,240.0,6.857142857142857,3.6735747165395667,13,334.0,0.0896989541230269,13,334.0,243.57142857142858
725.0,9,75.0,1.6666666666666667,5.984815131553662,9,308.0,0.3681038111913148,9,308.0,190.73333333333332
730.0,11,76.0,1.8095238095238095,5.654985995761989,11,223.0,0.298547597139571,11,223.0,205.47619047619048
735.0,15,90.0,2.0,3.815211138829937,15,245.0,0.1692878069216893,15,245.0,193.3111111111111
740.0,20,130.0,3.0952380952380953,3.7874485154080197,20,272.0,0.11477732512941972,20,272.0,209.35714285714286
745.0,14,97.0,2.1555555555555554,4.9304875176985625,14,307.0,0.22303222640627654,14,307.0,197.17777777777778
750.0,18,167.0,4.282051282051282,3.2362639626226,18,323.0,0.12050462277169338,18,323.0,229.53846153846155
755.0,20,217.0,5.046511627906977,3.264876519565194,20,379.0,0.11875391698256517,20,379.0,210.46511627906978
760.0,17,258.0,5.733333333333333,4.620498137509756,17,406.0,0.21435441229872618,17,406.0,203.2
765.0,12,303.0,6.446808510638298,6.887668363522711,12,412.0,0.3280298316247049,12,412.0,196.10638297872342
770.0,10,163.0,3.6222222222222222,5.12821184688918,10,365.0,0.22750489360961612,10,365.0,206.06666666666666
775.0,14,126.0,2.9302325581395348,5.622510338877339,14,230.0,0.271153490794933,14,230.0,217.0
780.0,16,158.0,3.8536585365853657,3.865310853471835,16,272.0,0.09958533811295536,16,272.0,229.390243902439
785.0,15,193.0,4.488372093023256,5.436735228771287,15,300.0,0.24057839671294565,15,300.0,220.6046511627907
790.0,12,246.0,6.3076923076923075,5.864163301801211,12,317.0,0.17796429031517805,12,317.0,244.89743589743588
795.0,10,230.0,5.0,6.801295184576124,10,318.0,0.4110637268640461,10,318.0,208.8913043478261
800.0,13,278.0,6.780487804878049,6.005857490586572,13,314.0,0.34688845756099645,13,314.0,235.6829268292683
805.0,21,224.0,4.977777777777778,4.204910839313308,21,260.0,0.1989309058710462,21,260.0,216.55555555555554
810.0,29,357.0,8.5,3.6640744690444658,29,393.0,0.13775780723973913,29,393.0,235.1904761904762
815.0,25,390.0,9.069767441860465,2.8870229433999266,25,484.0,0.12461285721562222,25,484.0,232.93023255813952
820.0,19,355.0,8.452380952380953,3.759895565145549,19,511.0,0.14375542798470953,19,511.0,241.07142857142858
825.0,14,389.0,8.644444444444444,6.282903071815767,14,495.0,0.2559910693654761,14,495.0,226.77777777777777
830.0,12,179.0,3.891304347826087,5.475917744798186,12,447.0,0.2934762732960012,12,447.0,223.30434782608697
835.0,15,198.0,4.714285714285714,5.620818056301464,15,350.0,0.30863118560608277,15,350.0,246.11904761904762
840.0,16,239.0,5.558139534883721,4.51237247131389,16,368.0,0.18522571428832832,16,368.0,242.3953488372093
845.0,17,282.0,6.714285714285714,4.871379892020859,17,367.0,0.19285622211861955,17,367.0,250.14285714285714
850.0,10,108.0,2.5714285714285716,4.876423261488675,10,328.0,0.18649774121024912,10,328.0,251.73809523809524
855.0,12,89.0,2.1707317073170733,5.651604839979122,12,187.0,0.24993910367132596,12,187.0,259.1219512195122
860.0,11,113.0,2.825,4.848382488520196,11,218.0,0.199523767573225,11,218.0,267.2
865.0,11,136.0,3.238095238095238,5.653155160523643,11,231.0,0.2683260014748896,11,231.0,255.88095238095238
870.0,8,48.0,1.0909090909090908,6.752704275080664,8,190.0,0.40314897585622994,8,190.0,245.3409090909091
875.0,14,106.0,2.65,5.066523567786626,14,175.0,0.22333642157697892,14,175.0,271.325
880.0,21,158.0,3.6744186046511627,4.127668646289614,21,240.0,0.17693518049760612,21,240.0,254.67441860465115
885.0,16,196.0,5.0256410256410255,3.9796081130637138,16,288.0,0.12054647775788724,16,288.0,283.2307692307692
890.0,11,93.0,2.1627906976744184,5.160816826231514,11,268.0,0.23625679298228994,11,268.0,258.3953488372093
895.0,12,109.0,2.8684210526315788,4.976743542263306,12,217.0,0.21433443525361467,12,217.0,293.7105263157895
900.0,12,130.0,3.25,4.459439246702738,12,221.0,0.15923602371599227,12,221.0,280.625
905.0,13,158.0,3.761904761904762,5.642785210883322,13,222.0,0.23477098124403095,13,222.0,268.85714285714283
910.0,8,103.0,2.4523809523809526,6.009351982586749,8,214.0,0.31573543732572384,8,214.0,270.0238095238095
915.0,16,162.0,4.05,4.775610410870032,16,244.0,0.1729997114688185,16,244.0,285.0
920.0,15,201.0,4.902439024390244,4.504602428884092,15,290.0,0.17902838260658166,15,290.0,280.0731707317073
925.0,12,221.0,5.972972972972973,4.0335352423969235,12,302.0,0.15110399154017598,12,302.0,312.13513513513516
930.0,10,264.0,6.6,6.639596011843802,10,315.0,0.30697801838827293,10,315.0,290.175
935.0,7,139.0,3.861111111111111,5.551587135390083,7,280.0,0.21572759475918035,7,280.0,323.6111111111111
940.0,9,150.0,3.5714285714285716,7.002562838453686,9,210.0,0.4065193148209846,9,210.0,278.1904761904762
945.0,13,76.0,1.9,6.009709624962373,13,116.0,0.2885865337567963,13,116.0,293.45
950.0,21,163.0,3.880952380952381,4.875764728644142,21,203.0,0.20331924883909888,21,203.0,281.54761904761904
955.0,23,178.0,4.684210526315789,2.683123392726601,23,272.0,0.0870762821840042,23,272.0,314.2894736842105
960.0,16,137.0,3.5128205128205128,4.307444030555783,16,288.0,0.18121137759474157,16,288.0,308.6923076923077
965.0,11,128.0,3.2,5.976164647084024,11,258.0,0.21225131216998058,11,258.0,302.65
970.0,6,73.0,1.825,6.335153045844181,6,254.0,0.3160449580497246,6,254.0,303.675
975.0,13,120.0,3.0,5.9823535663223755,13,249.0,0.2991031343962956,13,249.0,304.875
980.0,12,137.0,3.261904761904762,6.083149654994021,12,269.0,0.31781444615999294,12,269.0,291.85714285714283
985.0,8,138.0,3.5384615384615383,5.380417789829744,8,238.0,0.23959192442688224,8,238.0,315.4871794871795
990.0,10,175.0,4.375,7.395935088573485,10,205.0,0.32590671468737004,10,205.0,308.9
995.0,4,34.0,0.9444444444444444,6.303182814630066,4,158.0,0.2698302919526034,4,158.0,344.27777777777777
1000.0,9,49.0,1.4,6.23877909783418,9,91.0,0.3104493013087331,9,91.0,355.0
1005.0,10,72.0,2.1818181818181817,5.9060025563906295,10,108.0,0.22956681752919317,10,108.0,378.1515151515151
1010.0,7,81.0,2.1315789473684212,7.381113671924289,7,113.0,0.4123052996241339,7,113.0,329.39473684210526
1015.0,2,3.0,0.08108108108108109,8.427011482297267,2,78.0,0.5116388452496148,2,78.0,338.94594594594594
1020.0,6,24.0,0.7058823529411765,6.391958038564996,6,55.0,0.31178437267243886,6,55.0,369.47058823529414
1025.0,12,35.0,1.0,5.553938617445976,12,81.0,0.24827989719211435,12,81.0,360.42857142857144
1030.0,7,47.0,1.4242424242424243,5.804551952027793,7,91.0,0.23048032211603459,7,91.0,383.6666666666667
1035.0,8,80.0,2.4242424242424243,7.9864552539940705,8,92.0,0.36555582905784945,8,92.0,384.75757575757575
1040.0,6,83.0,2.7666666666666666,7.091758130390399,6,95.0,0.37173291727287916,6,95.0,424.3666666666667
1045.0,14,137.0,4.419354838709677,4.939481951881515,14,149.0,0.28651020586992854,14,149.0,412.4193548387097
1050.0,13,171.0,5.516129032258065,3.8510852191029925,13,202.0,0.22641280988023357,13,202.0,414.80645161290323
1055.0,8,194.0,5.878787878787879,6.077674118340238,8,223.0,0.36253447963322777,8,223.0,391.2121212121212
1060.0,9,98.0,2.8,4.5434604055610475,9,196.0,0.1863178960575308,9,196.0,370.0857142857143
1065.0,14,156.0,4.457142857142857,5.413354255245264,14,185.0,0.23472717506473093,14,185.0,371.74285714285713
1070.0,15,184.0,5.257142857142857,4.37847598019731,15,234.0,0.1444360641946814,15,234.0,374.0
1075.0,10,203.0,5.8,6.1328277596763785,10,251.0,0.31010382110694346,10,251.0,375.77142857142854
1080.0,7,42.0,1.3125,4.277360648340694,7,202.0,0.14520842094038375,7,202.0,412.25
1085.0,9,59.0,1.5128205128205128,6.8598275214218045,9,132.0,0.40696431728461324,9,132.0,339.28205128205127
1090.0,12,59.0,1.5526315789473684,6.147245087478006,12,131.0,0.29707227944046594,12,131.0,349.6578947368421
1095.0,10,59.0,1.475,6.0145833266675846,10,126.0,0.27354387731406155,10,126.0,333.475
1100.0,11,106.0,2.9444444444444446,6.504115407601379,11,131.0,0.25812452625414023,11,131.0,371.97222222222223
1105.0,8,83.0,2.3055555555555554,6.005508758248865,8,134.0,0.3180430998040064,8,134.0,373.27777777777777
1110.0,15,144.0,4.235294117647059,5.023866174687158,15,169.0,0.1574870731077853,15,169.0,397.02941176470586
1115.0,15,185.0,5.606060606060606,4.061759379913877,15,225.0,0.17993491409325205,15,225.0,411.57575757575756
1120.0,10,207.0,5.75,5.306649322584568,10,245.0,0.2697842919799233,10,245.0,379.02777777777777
1125.0,7,86.0,2.2051282051282053,6.3055790317184695,7,222.0,0.3641597986233014,7,222.0,351.02564102564105
1130.0,10,110.0,2.972972972972973,5.894998796871404,10,164.0,0.2876016756047731,10,164.0,371.13513513513516
1135.0,14,119.0,3.1315789473684212,4.639254265371541,14,195.0,0.20099023877805128,14,195.0,363.0
1140.0,11,146.0,4.294117647058823,5.004156676958659,11,199.0,0.1657154754643857,11,199.0,407.6764705882353
1145.0,12,101.0,2.6578947368421053,5.70874889293127,12,159.0,0.2789256463724963,12,159.0,366.2105263157895
1150.0,17,176.0,5.333333333333333,3.025974168949133,17,234.0,0.12824398825073563,17,234.0,423.969696969697
1155.0,19,230.0,5.348837209302325,4.2866235863155735,19,301.0,0.27908162736374126,19,301.0,327.6511627906977
1160.0,13,265.0,6.309523809523809,5.782164642315022,13,339.0,0.3358401625017529,13,339.0,337.3333333333333
1165.0,10,167.0,3.630434782608696,4.867625159723154,10,324.0,0.26227626666838216,10,324.0,309.2826086956522
1170.0,17,200.0,4.761904761904762,4.242079603911473,17,291.0,0.18014733887218168,17,291.0,340.3333333333333
1175.0,23,293.0,6.511111111111111,3.8969975177458784,23,358.0,0.12702549940881114,23,358.0,319.93333333333334
1180.0,31,437.0,9.931818181818182,3.0588047122526785,31,502.0,0.08466050474347526,31,502.0,330.47727272727275
1185.0,29,481.0,11.186046511627907,2.731353108973742,29,598.0,0.13657884882109753,29,598.0,341.72093023255815
1190.0,22,468.0,9.957446808510639,4.063500939682792,22,626.0,0.221187837076608,22,626.0,315.2340425531915
1195.0,16,461.0,9.408163265306122,6.345488742676676,16,609.0,0.3101731158464501,16,609.0,304.2244897959184
1200.0,13,194.0,4.217391304347826,4.072236778817385,13,542.0,0.1710198634557666,13,542.0,325.4782608695652
1205.0,15,196.0,4.260869565217392,5.0862316568077395,15,421.0,0.2506644885469601,15,421.0,327.0217391304348
1210.0,15,232.0,5.155555555555556,3.7870020171619765,15,395.0,0.12520126793993405,15,395.0,336.15555555555557
1215.0,18,273.0,5.934782608695652,4.821867048725401,18,394.0,0.19071866111349264,18,394.0,330.7173913043478
1220.0,11,99.0,2.302325581395349,4.582207597426479,11,363.0,0.18532508631023561,11,363.0,355.5581395348837
1225.0,12,92.0,2.090909090909091,5.840224124570921,12,269.0,0.31205278881429116,12,269.0,348.65909090909093
1230.0,13,108.0,2.25,5.670980685805567,13,242.0,0.2954029463827415,13,242.0,321.0
1235.0,14,129.0,3.0,5.030631212648766,14,236.0,0.230626008884262,14,236.0,359.93023255813955
1240.0,13,62.0,1.3478260869565217,4.142220363049654,13,246.0,0.19513117587419318,13,246.0,337.9130434782609
1245.0,18,139.0,3.3095238095238093,3.940775813268629,18,265.0,0.13308114784761685,18,265.0,371.95238095238096
1250.0,21,182.0,3.9565217391304346,3.632054711581067,21,321.0,0.1483000171365141,21,321.0,341.7826086956522
1255.0,18,211.0,5.146341463414634,3.587146504449747,18,340.0,0.12645894117225032,18,340.0,385.6829268292683
1260.0,10,92.0,2.13953488372093,3.7624336084447574,10,341.0,0.1343351167054412,10,341.0,369.4418604651163
1265.0,13,115.0,2.6136363636363638,5.116978652628297,13,294.0,0.2673916426258748,13,294.0,362.22727272727275
1270.0,18,147.0,3.127659574468085,4.2899303406117975,18,330.0,0.20821296940742196,18,330.0,340.9148936170213
1275.0,17,165.0,3.6666666666666665,3.6204455642702933,17,331.0,0.13133736325652118,17,331.0,358.0
1280.0,14,129.0,2.74468085106383,4.482919455178725,14,300.0,0.19162798332442968,14,300.0,344.48936170212767
1285.0,17,197.0,4.4772727272727275,2.9941429205956385,17,381.0,0.13277935855558948,17,381.0,369.8181818181818
1290.0,21,262.0,5.822222222222222,2.683551895217266,21,445.0,0.15150180353118844,21,445.0,363.9555555555556
1295.0,16,308.0,7.162790697674419,2.671303308192795,16,459.0,0.09359964546392956,16,459.0,382.9767441860465
1300.0,16,377.0,6.8545454545454545,6.1203984386685475,16,468.0,0.3204255716322771,16,468.0,300.8727272727273
1305.0,11,274.0,5.372549019607843,5.512634822919124,11,441.0,0.2998318790594362,11,441.0,325.7843137254902
1310.0,19,351.0,6.75,4.644124152342967,19,436.0,0.2230190890429884,19,436.0,321.0
1315.0,24,427.0,8.714285714285714,3.121677607518906,24,519.0,0.10517908232802281,24,519.0,343.0408163265306
1320.0,22,493.0,9.86,3.9180906454158504,22,564.0,0.14286195950797403,22,564.0,338.36
1325.0,15,249.0,5.081632653061225,4.2583861500208275,15,512.0,0.16145057341459151,15,512.0,347.1020408163265
1330.0,12,112.0,2.3333333333333335,4.769356289780646,12,280.0,0.2008940518228605,12,280.0,355.5625
1335.0,15,126.0,2.4705882352941178,4.562544559023861,15,311.0,0.21734677313289608,15,311.0,336.01960784313724
1340.0,30,250.0,4.716981132075472,4.2111665090723145,30,418.0,0.19831455280737612,30,418.0,325.6792452830189
1345.0,29,304.0,6.204081632653061,2.5450135798467866,29,524.0,0.1255132406256827,29,524.0,355.40816326530614
1350.0,27,303.0,6.06,3.3403496186103236,27,581.0,0.1712366052539301,27,581.0,351.14
1355.0,23,324.0,6.48,3.968368324236916,23,595.0,0.09260933035316944,23,595.0,353.5
1360.0,12,235.0,4.7,4.797450623162948,12,583.0,0.24893986899330756,12,583.0,355.34
1365.0,12,197.0,4.191489361702128,4.67498865860076,12,451.0,0.20008641832044752,12,451.0,379.17021276595744
1370.0,13,230.0,4.2592592592592595,5.183503084326924,13,478.0,0.2878018663174556,13,478.0,331.2962962962963
1375.0,16,267.0,5.037735849056604,5.363744082646804,16,473.0,0.26976073335966666,16,473.0,338.9056603773585
1380.0,16,191.0,3.82,3.741486666703463,16,410.0,0.1770362791157162,16,410.0,360.66
1385.0,25,293.0,5.86,2.8791156159874527,25,512.0,0.11271021643377253,25,512.0,362.7
1390.0,25,371.0,7.42,2.533210107714436,25,589.0,0.09864471782175305,25,589.0,365.36
1395.0,23,433.0,8.490196078431373,3.1273659606490867,23,599.0,0.11376132996624341,23,599.0,360.6078431372549
1400.0,18,350.0,6.730769230769231,3.775716219568147,18,616.0,0.16903184355667064,18,616.0,355.6923076923077
1405.0,17,350.0,6.481481481481482,4.325066991948374,17,570.0,0.20502121667675854,17,570.0,343.8888888888889
1410.0,19,395.0,7.314814814814815,4.142232408124313,19,591.0,0.1841407957422848,19,591.0,345.5925925925926
1415.0,17,431.0,8.132075471698114,3.7847255069616783,17,594.0,0.16279725798639444,17,594.0,353.77358490566036
1420.0,18,148.0,2.8461538461538463,3.561552219526921,18,525.0,0.12935080791091458,18,525.0,362.3269230769231
1425.0,15,118.0,2.2264150943396226,3.9412631200124433,15,384.0,0.1477000188940882,15,384.0,356.811320754717
1430.0,17,161.0,3.156862745098039,3.604518723834051,17,356.0,0.12127687522481018,17,356.0,372.5098039215686
1435.0,18,204.0,4.0,4.140327089619071,18,368.0,0.14077732228443982,18,368.0,374.3137254901961
1440.0,16,263.0,5.595744680851064,4.2972452615511685,16,388.0,0.10527729559031461,16,388.0,407.9148936170213
1445.0,11,135.0,2.5,5.789956911435822,11,358.0,0.3071960629582172,11,358.0,356.2962962962963
1450.0,12,106.0,2.2083333333333335,5.081914678727593,12,255.0,0.265146579761114,12,255.0,401.8541666666667
1455.0,19,140.0,2.641509433962264,3.708421435723176,19,299.0,0.15272099615333581,19,299.0,365.4339622641509
1460.0,20,201.0,4.02,3.6116255154397776,20,352.0,0.11802366018297158,20,352.0,389.48
1465.0,16,118.0,2.269230769230769,3.678605297475552,16,374.0,0.16252458240114093,16,374.0,376.3269230769231
1470.0,18,169.0,3.595744680851064,3.4377500393103593,18,344.0,0.13161280399792216,18,344.0,418.0425531914894
1475.0,18,214.0,4.28,3.50322600652666,18,389.0,0.10638933451103727,18,389.0,394.88
1480.0,17,252.0,5.04,4.153331365556077,17,412.0,0.19415749939950058,17,412.0,396.64
1485.0,14,302.0,5.8076923076923075,5.995231131729164,14,432.0,0.2832420299929946,14,432.0,382.90384615384613
1490.0,8,163.0,3.326530612244898,4.4428748274403915,8,389.0,0.2092552070992874,8,389.0,407.51020408163265
1495.0,13,120.0,2.4489795918367347,5.1807603802242035,13,282.0,0.2507408297959556,13,282.0,408.61224489795916
1500.0,14,157.0,3.4130434782608696,3.2712453098006744,14,328.0,0.11209521238109753,14,328.0,436.9347826086956
1505.0,16,191.0,3.8979591836734695,4.519474344347422,16,357.0,0.19554107164524084,16,357.0,411.7959183673469
1510.0,15,146.0,3.2444444444444445,3.567562131961182,15,316.0,0.11134176365698917,15,316.0,450.1333333333333
1515.0,21,232.0,4.377358490566038,4.730154091422946,21,407.0,0.2753418632435694,21,407.0,383.9056603773585
1520.0,21,296.0,5.92,3.399629094658553,21,480.0,0.2063637232463019,21,480.0,409.2
1525.0,21,347.0,6.425925925925926,3.4829463190490597,21,520.0,0.18062722392968586,21,520.0,380.74074074074076
1530.0,24,441.0,8.166666666666666,4.225794148410354,24,594.0,0.14397883205124098,24,594.0,383.0
1535.0,17,343.0,6.471698113207547,4.222482784043306,17,603.0,0.17107305327395772,17,603.0,392.1698113207547
1540.0,21,414.0,8.28,3.9568795945409683,21,584.0,0.16658084895603797,21,584.0,417.54
1545.0,22,282.0,5.529411764705882,3.534223877718974,22,572.0,0.13397414380853162,22,572.0,411.5686274509804
1550.0,24,210.0,4.038461538461538,4.1681394877353295,24,487.0,0.21370383601588974,24,487.0,405.86538461538464
1555.0,26,232.0,4.377358490566038,3.8880362752248803,26,568.0,0.19530023388063017,26,568.0,400.60377358490564
1560.0,22,217.0,4.254901960784314,3.404558169184327,22,589.0,0.12503495437526485,22,589.0,418.6666666666667
1565.0,24,243.0,4.584905660377358,4.9885721597687125,24,616.0,0.18511232392467467,24,616.0,405.1132075471698
1570.0,14,200.0,3.9215686274509802,4.039842513435904,14,610.0,0.17073110014232873,14,610.0,422.7843137254902
1575.0,14,209.0,4.354166666666667,4.5767568756158505,14,539.0,0.2398410350672898,14,539.0,450.7083333333333
1580.0,19,252.0,5.142857142857143,3.2060591568073322,19,577.0,0.14135529043733458,19,577.0,443.2857142857143
1585.0,18,300.0,5.769230769230769,4.485123215456031,18,586.0,0.22069182032578086,18,586.0,419.5192307692308
1590.0,16,240.0,4.363636363636363,5.064295571584316,16,510.0,0.2669890226677417,16,510.0,398.1818181818182
1595.0,22,329.0,6.58,3.5482905198087495,22,604.0,0.18746503698557487,22,604.0,439.88
1600.0,25,252.0,4.754716981132075,2.7119139856332914,25,627.0,0.1226360729449078,25,627.0,417.3207547169811
1605.0,30,387.0,7.588235294117647,2.6853130880900538,30,657.0,0.061834235879232056,30,657.0,436.4313725490196
1610.0,34,459.0,8.345454545454546,2.8802369389922253,34,755.0,0.0839152814818532,34,755.0,407.76363636363635
1615.0,29,471.0,9.235294117647058,3.229760474149157,29,795.0,0.10328742274960742,29,795.0,442.72549019607845
1620.0,22,267.0,5.134615384615385,2.9475531138318773,22,758.0,0.09129869843838904,22,758.0,436.5576923076923
1625.0,13,85.0,1.5740740740740742,4.603526681365952,13,642.0,0.22578398226221574,13,642.0,421.81481481481484
1630.0,13,84.0,1.5849056603773586,4.251941337722928,13,621.0,0.20751817735105088,13,621.0,431.0188679245283
1635.0,14,100.0,1.8518518518518519,3.6361230853929905,14,576.0,0.14369688553434937,14,576.0,424.2962962962963
1640.0,20,171.0,3.2264150943396226,4.36551204175928,20,548.0,0.14713076275877426,20,548.0,434.0943396226415
1645.0,14,164.0,3.215686274509804,4.090960589948748,14,538.0,0.17463147454386216,14,538.0,452.6862745098039
1650.0,16,191.0,3.9791666666666665,4.477685314289562,16,484.0,0.22714814169097255,16,484.0,482.5
1655.0,17,218.0,4.541666666666667,3.5199695404306635,17,517.0,0.13828024364183894,17,517.0,484.25
1660.0,17,252.0,4.5,4.849700299697337,17,509.0,0.25124689848266246,17,509.0,416.625
1665.0,10,76.0,1.4074074074074074,4.498566732938145,10,453.0,0.2235482044921695,10,453.0,433.4259259259259
1670.0,18,147.0,2.625,3.9963695460578648,18,408.0,0.18252094473864353,18,408.0,419.23214285714283
1675.0,21,206.0,3.8867924528301887,3.261205690038643,21,459.0,0.1089335442337497,21,459.0,444.9056603773585
1680.0,20,264.0,5.176470588235294,3.234635464433826,20,480.0,0.11451395483624412,20,480.0,464.3333333333333
1685.0,15,179.0,3.5098039215686274,3.0563495564736893,15,471.0,0.12453718093258806,15,471.0,466.11764705882354
1690.0,12,116.0,2.2745098039215685,3.639988480668406,12,388.0,0.14078559049211375,12,388.0,467.37254901960785
1695.0,14,143.0,2.6,4.447335354407085,14,366.0,0.20687271423379153,14,366.0,434.72727272727275
1700.0,15,167.0,3.036363636363636,4.664871776229539,15,362.0,0.2234060420999313,15,362.0,436.09090909090907
1705.0,19,155.0,2.9245283018867925,3.332840227684595,19,373.0,0.13309122623954248,19,373.0,454.0943396226415
1710.0,24,246.0,4.6415094339622645,3.02817429788314,24,493.0,0.13061739038254794,24,493.0,456.35849056603774
1715.0,24,318.0,6.489795918367347,1.7671831046564124,24,576.0,0.07702006915765512,24,576.0,496.1224489795918
1720.0,22,380.0,7.169811320754717,3.0525980647001245,22,623.0,0.13943200405323322,22,623.0,460.811320754717
1725.0,18,454.0,8.566037735849056,4.073712421278759,18,662.0,0.12901762667374556,18,662.0,462.66037735849056
1730.0,14,372.0,6.305084745762712,5.307459919708308,14,631.0,0.28401999201814837,14,631.0,417.0169491525424
1735.0,14,322.0,5.962962962962963,5.2004586194263895,14,551.0,0.29361501459033773,14,551.0,456.85185185185185
1740.0,14,106.0,1.9272727272727272,4.308931508302445,14,459.0,0.18873538759972822,14,459.0,449.90909090909093
1745.0,27,172.0,3.0714285714285716,3.680500097464528,27,395.0,0.12876661115157648,27,395.0,443.6607142857143
1750.0,31,227.0,4.203703703703703,2.6192940442782096,31,493.0,0.06938484438555095,31,493.0,462.9259259259259
1755.0,27,236.0,4.37037037037037,3.185945180726976,27,547.0,0.09994653349323228,27,547.0,465.6666666666667
1760.0,25,272.0,5.230769230769231,4.710221398151335,25,557.0,0.15449117158459746,25,557.0,486.11538461538464
1765.0,14,183.0,3.452830188679245,4.803106432680986,14,575.0,0.22523514733798838,14,575.0,478.66037735849056
1770.0,12,164.0,3.4166666666666665,4.919196345376713,12,539.0,0.26704795250148244,12,539.0,529.7916666666666
1775.0,20,189.0,3.7058823529411766,3.5366018946190216,20,564.0,0.15223343118351504,20,564.0,500.2352941176471
1780.0,33,325.0,6.25,2.092422540657778,33,701.0,0.06680265740071689,33,701.0,493.25
1785.0,35,398.0,7.653846153846154,1.35193298691967,35,810.0,0.05272890050420855,35,810.0,496.6730769230769
1790.0,34,435.0,8.20754716981132,2.654111209344264,34,825.0,0.08413747753828202,34,825.0,490.49056603773585
1795.0,27,468.0,8.50909090909091,4.455983604179259,27,841.0,0.13374612847081324,27,841.0,475.3636363636364
1800.0,22,497.0,9.94,5.006066504783649,22,832.0,0.16820136581601447,22,832.0,525.26
1805.0,12,412.0,7.62962962962963,6.206738713845097,12,810.0,0.36357925711487815,12,810.0,487.8703703703704
1810.0,15,394.0,7.7254901960784315,4.989431074822192,15,767.0,0.2620482542339006,15,767.0,517.9019607843137
1815.0,22,162.0,2.9454545454545453,3.8527540756281105,22,698.0,0.17202863851992084,22,698.0,481.92727272727274
1820.0,27,189.0,3.5,3.231973257952405,27,622.0,0.11037021145615199,27,622.0,493.0925925925926
1825.0,32,241.0,4.228070175438597,2.8542525522454305,32,694.0,0.09316301237132496,32,694.0,469.7894736842105
1830.0,31,262.0,4.763636363636364,3.310697188241177,31,719.0,0.10160190070485614,31,719.0,489.72727272727275
1835.0,25,291.0,5.490566037735849,4.273347348362951,25,693.0,0.12467443492896527,25,693.0,510.77358490566036
1840.0,14,208.0,3.9245283018867925,4.756962009794963,14,687.0,0.2504952483896247,14,687.0,512.6037735849056
1845.0,13,183.0,3.588235294117647,5.13603275176449,13,644.0,0.27769812451529113,13,644.0,533.9803921568628
1850.0,20,200.0,3.7735849056603774,3.5357958064463504,20,662.0,0.1462782708389814,20,662.0,515.4150943396227
1855.0,34,345.0,6.634615384615385,2.23937934336453,34,808.0,0.10073499982559302,34,808.0,528.1346153846154
1860.0,35,420.0,8.076923076923077,1.2676868014961484,35,901.0,0.04474502651958239,35,901.0,531.5192307692307
1865.0,32,450.0,8.181818181818182,2.7333513005783243,32,900.0,0.10660739994082957,32,900.0,505.58181818181816
1870.0,29,511.0,9.290909090909091,4.090163380589065,29,947.0,0.13582975170839803,29,947.0,508.3454545454546
1875.0,17,296.0,5.016949152542373,4.93104439164782,17,895.0,0.26814000526311643,17,895.0,475.77966101694915
1880.0,17,249.0,4.611111111111111,4.833644494807599,17,788.0,0.2741363611373349,17,788.0,521.3333333333334
1885.0,20,303.0,5.135593220338983,3.5554932513445014,20,821.0,0.1635314306053549,20,821.0,478.8135593220339
1890.0,26,383.0,6.963636363636364,2.988980509121797,26,829.0,0.11891726344684989,26,829.0,515.8909090909091
1895.0,21,436.0,7.517241379310345,3.4646701320990134,21,826.0,0.12947976553522814,21,826.0,491.12068965517244
1900.0,23,520.0,9.12280701754386,3.559111255011784,23,859.0,0.13094804857580084,23,859.0,501.5964912280702
1905.0,24,361.0,6.5636363636363635,2.659652773111045,24,842.0,0.10470019495512294,24,842.0,522.0727272727273
1910.0,24,240.0,4.0,3.9053439148164197,24,750.0,0.19117117357715369,24,750.0,480.5833333333333
1915.0,28,248.0,4.133333333333334,3.267089267409728,28,802.0,0.15621138065137724,28,802.0,482.78333333333336
1920.0,30,264.0,4.47457627118644,2.8088622850338574,30,805.0,0.09404563681663487,30,805.0,493.33898305084745
1925.0,33,322.0,5.4576271186440675,3.8652093315022125,33,824.0,0.13968640355035142,33,824.0,496.0
1930.0,24,357.0,6.490909090909091,4.531639281629079,24,832.0,0.16386305558268663,24,832.0,534.5636363636364
1935.0,18,332.0,6.264150943396227,4.973563678291835,18,862.0,0.23387338504447502,18,862.0,556.6415094339623
1940.0,22,418.0,8.196078431372548,4.01389740604685,22,902.0,0.18181047107720194,22,902.0,580.4313725490196
1945.0,26,374.0,6.8,3.87154445591675,26,892.0,0.20255921118568684,26,892.0,540.5818181818182
1950.0,24,321.0,5.631578947368421,4.2556100087480155,24,789.0,0.25147090429491836,24,789.0,523.7017543859649
1955.0,23,308.0,5.310344827586207,3.4620257195549224,23,784.0,0.14426032739038483,23,784.0,516.7586206896551
1960.0,31,315.0,5.25,3.0448233769025395,31,776.0,0.09583755542853348,31,776.0,501.75
1965.0,30,357.0,6.2631578947368425,3.9690236182557346,30,801.0,0.10733840958546216,30,801.0,530.7719298245614
1970.0,23,215.0,3.8392857142857144,3.694052131221887,23,764.0,0.16638896123273708,23,764.0,542.5
1975.0,26,322.0,6.313725490196078,3.2888281345284547,26,868.0,0.1565859387687318,26,868.0,598.1176470588235
1980.0,28,334.0,6.30188679245283,2.2547151139217716,28,886.0,0.09084901603562998,28,886.0,578.1509433962265
1985.0,27,358.0,6.280701754385965,3.5552468177151213,27,849.0,0.18017966647336686,27,849.0,539.9298245614035
1990.0,28,364.0,6.066666666666666,2.7769205955932414,28,908.0,0.12353061476884014,28,908.0,515.2833333333333
1995.0,33,381.0,6.35,2.7752825189295884,33,911.0,0.09289966439234033,33,911.0,517.8666666666667
2000.0,31,429.0,7.271186440677966,3.8632155460843887,31,900.0,0.12016913294825694,31,900.0,529.4067796610169
2005.0,20,215.0,3.8392857142857144,3.84481024968922,20,907.0,0.17322501148088004,20,907.0,560.0357142857143
2010.0,20,242.0,4.653846153846154,4.2054983475648795,20,857.0,0.19099223114644584,20,857.0,604.9615384615385
2015.0,24,209.0,3.943396226415094,3.352168659827622,24,841.0,0.10665880943840103,24,841.0,595.6792452830189
2020.0,23,188.0,3.1333333333333333,4.543884423857706,23,783.0,0.2415047737024298,23,783.0,528.2166666666667
2025.0,27,202.0,3.4237288135593222,3.4584414682461975,27,819.0,0.16099991125152358,27,819.0,539.2542372881356
2030.0,29,194.0,3.2333333333333334,2.8028172743660504,29,803.0,0.10953129832347636,29,803.0,532.65
2035.0,31,249.0,4.293103448275862,3.8530298765292903,31,800.0,0.13812915345605584,31,800.0,553.7931034482758
2040.0,20,204.0,3.709090909090909,3.403506046038081,20,795.0,0.13415740809095264,20,795.0,586.2727272727273
2045.0,15,176.0,3.3846153846153846,4.442588085650509,15,739.0,0.21842628725873764,15,739.0,621.6346153846154
2050.0,22,237.0,4.388888888888889,3.4461200155705964,22,766.0,0.14087595687537388,22,766.0,600.3518518518518
2055.0,32,376.0,6.372881355932203,2.9886196610043383,32,905.0,0.14105754851420957,32,905.0,551.8305084745763
2060.0,33,441.0,7.47457627118644,2.536668718397384,33,975.0,0.13433316113563246,33,975.0,554.6610169491526
2065.0,34,477.0,8.084745762711865,2.340038279925644,34,976.0,0.09318064997386691,34,976.0,557.4915254237288
2070.0,32,540.0,9.0,3.9799535699651796,32,941.0,0.126407290663762,32,941.0,551.0833333333334
2075.0,26,599.0,10.696428571428571,4.74500112298699,26,924.0,0.15735316477642297,26,924.0,592.9821428571429
2080.0,17,485.0,9.150943396226415,5.1080424798662865,17,934.0,0.2510895113856033,17,934.0,628.5471698113207
2085.0,16,469.0,9.38,4.703386637890397,16,875.0,0.22874426339164924,16,875.0,667.8
2090.0,17,517.0,8.616666666666667,4.72921850581209,17,854.0,0.2521539134698234,17,854.0,557.9666666666667
2095.0,19,572.0,9.694915254237289,4.85448018123466,19,833.0,0.25676177838527053,19,833.0,568.8983050847457
2100.0,17,647.0,11.155172413793103,4.234551931480953,17,816.0,0.16275689183317402,17,816.0,580.1724137931035
2105.0,21,281.0,4.683333333333334,4.029623769996627,21,723.0,0.1567355895403775,21,723.0,562.5666666666667
2110.0,18,176.0,3.3846153846153846,3.863917766721269,18,518.0,0.18745779457771833,18,518.0,650.8461538461538
2115.0,21,234.0,4.178571428571429,3.3536184034361014,21,538.0,0.12960375068739405,21,538.0,606.25
2120.0,23,295.0,5.363636363636363,3.6286209533598104,23,574.0,0.14065569161995026,23,574.0,619.3272727272728
2125.0,24,393.0,6.894736842105263,4.637536625033588,24,638.0,0.1897120952834643,24,638.0,599.6491228070175
2130.0,17,409.0,7.303571428571429,5.3179410262126945,17,621.0,0.25489906933852596,17,621.0,612.125
2135.0,23,492.0,9.283018867924529,4.4874877675117775,23,608.0,0.19854403234214713,23,608.0,648.566037735849
2140.0,24,347.0,6.547169811320755,3.2499834659533446,24,608.0,0.11596480571135154,24,608.0,650.9245283018868
2145.0,26,272.0,5.037037037037037,3.487880438585332,26,535.0,0.11037721253460285,26,535.0,641.2222222222222
2150.0,29,310.0,5.961538461538462,2.728210014314766,29,631.0,0.08255290227411613,29,631.0,668.5769230769231
2155.0,28,326.0,6.269230769230769,3.2956508291089373,28,700.0,0.12819422371716993,28,700.0,671.4038461538462
2160.0,24,343.0,6.86,4.275695301096506,24,724.0,0.10053264048174007,24,724.0,700.86
2165.0,14,289.0,4.982758620689655,5.117341589595931,14,714.0,0.28228043425722926,14,714.0,605.8103448275862
2170.0,14,285.0,5.480769230769231,4.994213788835387,14,626.0,0.2749275971810567,14,626.0,676.9423076923077
2175.0,24,237.0,4.232142857142857,3.2898992656952473,24,578.0,0.15542110782944538,24,578.0,630.2321428571429
2180.0,36,393.0,7.415094339622642,2.207051705716201,36,734.0,0.04926064831689954,36,734.0,668.8490566037735
2185.0,39,478.0,8.690909090909091,2.0479321080533803,39,855.0,0.07302297593228325,39,855.0,647.9818181818182
2190.0,34,506.0,9.73076923076923,2.5007634208100553,34,907.0,0.0869484798929258,34,907.0,688.75
2195.0,27,552.0,9.857142857142858,4.0915360114494685,27,886.0,0.11313005029179464,27,886.0,642.125
2200.0,19,447.0,7.842105263157895,4.577991517414675,19,900.0,0.23319835432968639,19,900.0,632.8070175438596
2205.0,16,410.0,7.592592592592593,4.56773160724188,16,844.0,0.2503945364764538,16,844.0,669.3518518518518
2210.0,20,164.0,2.9285714285714284,3.2953693045312846,20,780.0,0.14501416235252362,20,780.0,647.0535714285714
2215.0,26,202.0,3.4827586206896552,3.881967436182153,26,702.0,0.13451618991807857,26,702.0,626.8448275862069
2220.0,33,258.0,4.777777777777778,2.2182986688804514,33,775.0,0.024332833061980894,33,775.0,676.2222222222222
2225.0,30,277.0,5.12962962962963,2.941293299477883,30,793.0,0.12297221924631298,30,793.0,679.2962962962963
2230.0,27,318.0,6.0,3.964779016877302,27,755.0,0.10552348650592273,27,755.0,694.7169811320755
2235.0,21,345.0,5.948275862068965,6.116457589374171,21,750.0,0.3079631198697953,21,750.0,636.8448275862069
2240.0,14,314.0,5.9245283018867925,5.519396810567541,14,754.0,0.31100659159499366,14,754.0,698.4528301886793
2245.0,21,383.0,6.839285714285714,4.932466653358217,21,760.0,0.241332380513497,21,760.0,662.5892857142857
2250.0,23,272.0,5.037037037037037,3.3969574441185735,23,732.0,0.12663783137968815,23,732.0,689.3703703703703
2255.0,23,190.0,3.5185185185185186,3.3323449240808745,23,649.0,0.12896102050646943,23,649.0,691.5
2260.0,26,212.0,4.0,2.8920157769824524,26,672.0,0.0962778251131622,26,672.0,706.9245283018868
2265.0,27,217.0,4.018518518518518,3.881335348243727,27,672.0,0.13193592579142777,27,672.0,696.3333333333334
2270.0,23,234.0,4.178571428571429,5.096442723392057,23,625.0,0.21321688470834899,23,625.0,673.6785714285714
2275.0,18,270.0,5.09433962264151,6.483224309581514,18,625.0,0.3199189972772764,18,625.0,713.7358490566038
2280.0,12,203.0,4.319148936170213,5.196952551600332,12,568.0,0.2687816387772851,12,568.0,806.3404255319149
2285.0,15,179.0,3.7291666666666665,5.1833621454423495,15,479.0,0.2596547143575119,15,479.0,790.7916666666666
2290.0,21,189.0,3.9375,3.8800899380091565,21,449.0,0.15202487834368542,21,449.0,792.75
2295.0,31,322.0,6.708333333333333,2.814977303142482,31,582.0,0.10184409730382016,31,582.0,795.5208333333334
2300.0,31,388.0,8.25531914893617,1.792076715967633,31,678.0,0.07140146895771075,31,678.0,815.936170212766
2305.0,28,386.0,7.568627450980392,3.6983881095510847,28,703.0,0.1931753538143371,28,703.0,754.7254901960785
2310.0,18,221.0,3.8771929824561404,4.663633419447356,18,705.0,0.24289220538922549,18,705.0,677.2105263157895
2315.0,20,245.0,4.622641509433962,4.019194696247652,20,690.0,0.17584101984477268,20,690.0,730.0754716981132
2320.0,23,297.0,5.4,2.7979325647294977,23,730.0,0.11611436393961246,23,730.0,705.4909090909091
2325.0,22,369.0,6.962264150943396,2.8043167405631633,22,728.0,0.09279775689710197,22,728.0,734.3584905660377
2330.0,19,240.0,4.2105263157894735,3.2460906085395362,19,693.0,0.12338306033248779,19,693.0,684.6842105263158
2335.0,14,137.0,2.537037037037037,3.990506057746416,14,546.0,0.14772124398675288,14,546.0,724.0555555555555
2340.0,20,192.0,3.6226415094339623,3.3271167196208107,20,601.0,0.10789988112059387,20,601.0,739.4150943396227
2345.0,32,327.0,5.839285714285714,2.8201174348729876,32,736.0,0.12906969051312753,32,736.0,702.2142857142857
2350.0,35,396.0,7.071428571428571,1.814349954122137,35,826.0,0.0878752125502825,35,826.0,705.3392857142857
2355.0,36,431.0,7.56140350877193,2.258430499692931,36,860.0,0.08471028575767646,36,860.0,696.1578947368421
2360.0,31,504.0,8.542372881355933,3.891826607914913,31,868.0,0.11128321939677713,31,868.0,675.4406779661017
2365.0,27,553.0,9.701754385964913,4.942615201394873,27,927.0,0.20308007797014527,27,927.0,701.578947368421
2370.0,19,454.0,8.901960784313726,4.724253040077442,19,879.0,0.24332047981875443,19,879.0,786.2156862745098
2375.0,17,400.0,8.0,4.631293622722829,17,786.0,0.21810503471058687,17,786.0,803.6
2380.0,19,445.0,7.5423728813559325,4.875092336262208,19,799.0,0.2768876185204301,19,799.0,682.6101694915254
2385.0,20,495.0,8.68421052631579,4.3377569685618305,20,815.0,0.21218761143763035,20,815.0,708.3157894736842
2390.0,17,192.0,3.2,4.0148332044715325,17,706.0,0.16978662510859321,17,706.0,674.4333333333333
2395.0,18,157.0,2.8545454545454545,3.863843427606316,18,554.0,0.16068525540314574,18,554.0,737.3454545454546
2400.0,23,219.0,3.981818181818182,3.0954232595276268,23,570.0,0.10103058421976295,23,570.0,739.2181818181818
2405.0,22,301.0,5.679245283018868,3.5175396532340963,22,586.0,0.12239488682956662,22,586.0,769.2830188679245
2410.0,14,217.0,3.9454545454545453,3.6388621685122127,14,548.0,0.1355135321012792,14,548.0,742.9636363636364
2415.0,15,162.0,2.892857142857143,4.702673721544476,15,453.0,0.23408974515338643,15,453.0,731.0714285714286
2420.0,20,194.0,3.4642857142857144,4.535735718860197,20,433.0,0.21165687475743325,20,433.0,732.6071428571429
2425.0,31,327.0,5.945454545454545,2.493881639114988,31,566.0,0.08529273302040685,31,566.0,748.3454545454546
2430.0,37,415.0,7.545454545454546,2.134875197775635,37,692.0,0.10870954814551377,37,692.0,751.7454545454545
2435.0,32,449.0,8.471698113207546,2.0610491258213823,32,766.0,0.058672232643053844,32,766.0,783.3207547169811
2440.0,29,514.0,8.862068965517242,4.234676473802986,29,823.0,0.14380303950579962,29,823.0,718.5
2445.0,22,565.0,10.660377358490566,4.785090984228827,22,892.0,0.18086079069505387,22,892.0,788.6037735849056
2450.0,16,382.0,6.47457627118644,6.346287938748101,16,826.0,0.34410840611313315,16,826.0,710.0508474576271
2455.0,17,340.0,6.181818181818182,5.9219285291776576,17,698.0,0.3278827405349146,17,698.0,763.1454545454545
2460.0,22,217.0,3.9454545454545453,3.394704646102069,22,629.0,0.13117673044192454,22,629.0,764.9818181818182
2465.0,27,176.0,3.2,3.724716547589292,27,568.0,0.1588199109626193,27,568.0,767.1636363636363
2470.0,28,225.0,4.166666666666667,3.2258627310080903,28,584.0,0.11642058859744336,28,584.0,784.0370370370371
2475.0,26,230.0,4.107142857142857,3.846351478307183,26,591.0,0.11482881549829516,26,591.0,758.5178571428571
2480.0,23,238.0,4.576923076923077,4.039452730891003,23,657.0,0.15695663316684713,23,657.0,819.2692307692307
2485.0,26,299.0,5.6415094339622645,3.2793572251103513,26,772.0,0.16021972498275197,26,772.0,805.9811320754717
2490.0,24,381.0,7.326923076923077,3.1988467970123073,24,840.0,0.19155503516608544,24,840.0,823.9423076923077
2495.0,21,446.0,8.25925925925926,2.9338754210179427,21,823.0,0.11552899773120143,21,823.0,795.425925925926
2500.0,18,316.0,5.642857142857143,3.516408925940084,18,778.0,0.12916996867718228,18,778.0,768.9107142857143
2505.0,19,346.0,6.407407407407407,3.339088929163867,19,696.0,0.13825791584914332,19,696.0,799.0
2510.0,23,226.0,4.109090909090909,3.0628884314417566,23,672.0,0.11493233447725226,23,672.0,786.3454545454546
2515.0,24,172.0,3.1272727272727274,3.506108544059386,24,566.0,0.14214184008109693,24,566.0,788.4363636363636
2520.0,25,205.0,3.9423076923076925,2.552442130389215,25,624.0,0.06354125520279517,25,624.0,836.4615384615385
2525.0,26,210.0,3.559322033898305,4.231132549100214,26,627.0,0.21316192929087677,26,627.0,739.5084745762712
2530.0,25,243.0,4.2631578947368425,4.9740520595082005,25,617.0,0.21067273786812912,25,617.0,767.7543859649123
2535.0,22,277.0,4.859649122807017,5.111766136485715,22,634.0,0.20728988948406854,22,634.0,769.6842105263158
2540.0,18,211.0,4.0576923076923075,4.8962779105565035,18,627.0,0.2435472601857273,18,627.0,845.6923076923077
2545.0,23,284.0,5.461538461538462,4.9095290653977885,23,611.0,0.22699114803860732,23,611.0,847.4423076923077
2550.0,22,236.0,4.627450980392157,3.87849435066481,22,603.0,0.13852854575261267,22,603.0,866.3529411764706
2555.0,23,209.0,4.098039215686274,3.966890156848406,23,505.0,0.14259152870934727,23,505.0,868.4705882352941
2560.0,23,225.0,4.245283018867925,4.1964529500711905,23,531.0,0.17726285287762808,23,531.0,837.9056603773585
2565.0,22,194.0,3.660377358490566,4.988283544555542,22,530.0,0.23910627185137312,22,530.0,840.0188679245283
2570.0,21,198.0,3.8823529411764706,4.589674369735342,21,477.0,0.15820814093941293,21,477.0,874.8823529411765
2575.0,17,154.0,3.08,4.47566343021427,17,493.0,0.20548605562565464,17,493.0,894.2
2580.0,24,252.0,5.7272727272727275,2.651240146151758,24,600.0,0.11523846832002942,24,600.0,1018.5681818181819
2585.0,24,331.0,6.895833333333333,2.4814504730272304,24,667.0,0.14600015838205832,24,667.0,936.3541666666666
2590.0,21,388.0,8.25531914893617,2.50905437491778,21,680.0,0.09554475173612381,21,680.0,958.6595744680851
2595.0,15,274.0,4.6440677966101696,4.950565013756906,15,647.0,0.2698562319804794,15,647.0,765.3220338983051
2600.0,12,196.0,3.5,5.237160418222355,12,546.0,0.2628274307537017,12,546.0,807.3928571428571
2605.0,15,227.0,3.982456140350877,3.7266708545033564,15,532.0,0.16998237838242278,15,532.0,794.5438596491229
2610.0,23,290.0,5.37037037037037,3.429516182728341,23,549.0,0.11907037903538621,23,549.0,840.7037037037037
2615.0,17,125.0,2.314814814814815,3.300984635208552,17,523.0,0.12107613908247741,17,523.0,842.6851851851852
2620.0,21,186.0,3.576923076923077,3.6069085537086263,21,483.0,0.14738033726607497,21,483.0,876.9807692307693
2625.0,23,250.0,4.8076923076923075,3.2422242026158807,23,548.0,0.11536361301296018,23,548.0,879.1538461538462
2630.0,23,307.0,5.581818181818182,3.8821750558160026,23,560.0,0.18838527113793993,23,560.0,833.1818181818181
2635.0,16,210.0,3.75,4.448005312315693,16,548.0,0.2261938519301167,16,548.0,819.9642857142857
2640.0,13,157.0,2.9622641509433962,3.8795760388559923,13,452.0,0.176323653801367,13,452.0,867.5849056603773
2645.0,22,176.0,3.259259259259259,3.6618861827763283,22,417.0,0.14218885423911437,22,417.0,853.2407407407408
2650.0,32,322.0,6.0754716981132075,1.9724201801693584,32,563.0,0.04208412983028408,32,563.0,872.0943396226415
2655.0,38,398.0,7.653846153846154,1.735356641979603,38,678.0,0.07676677978292017,38,678.0,892.4423076923077
2660.0,31,422.0,8.115384615384615,2.5090007174114612,31,721.0,0.09620836776132499,31,721.0,895.6153846153846
2665.0,27,434.0,7.482758620689655,4.9849486467982365,27,729.0,0.21098583149042752,27,729.0,805.448275862069
2670.0,20,471.0,7.983050847457627,6.3009906134573574,20,756.0,0.31122800109976856,20,756.0,793.7457627118644
2675.0,16,278.0,5.245283018867925,4.959205166097448,16,704.0,0.25634070069004017,16,704.0,885.1698113207547
2680.0,20,331.0,6.12962962962963,4.992392635412396,20,639.0,0.23810141409795682,20,639.0,870.3888888888889
2685.0,22,230.0,4.423076923076923,3.131642806033686,22,646.0,0.0885699040163358,22,646.0,906.0961538461538
2690.0,25,207.0,3.8333333333333335,3.905080846645279,25,594.0,0.16526944318205955,25,594.0,874.7962962962963
2695.0,29,245.0,4.711538461538462,2.7766195217670546,29,666.0,0.0872705703608874,29,666.0,911.1538461538462
2700.0,27,246.0,4.730769230769231,2.8936517698158264,27,688.0,0.08145671241584433,27,688.0,913.8269230769231
2705.0,25,276.0,4.928571428571429,5.0688536302317315,25,660.0,0.20350544053233366,25,660.0,850.9107142857143
2710.0,17,258.0,4.961538461538462,3.943614819957653,17,700.0,0.19014252385646352,17,700.0,918.25
2715.0,27,352.0,7.04,2.8684804848660708,27,811.0,0.15490649149725302,27,811.0,957.2
2720.0,28,453.0,8.711538461538462,2.152056664814504,28,896.0,0.11617764116884267,28,896.0,923.1346153846154
2725.0,25,537.0,9.944444444444445,2.765353229602454,25,924.0,0.11815497278714186,25,924.0,891.3148148148148
2730.0,18,428.0,7.508771929824562,3.5207716240906213,18,877.0,0.14603928680437311,18,877.0,846.280701754386
2735.0,17,324.0,5.890909090909091,3.4865155453297727,17,756.0,0.11793418664342538,17,756.0,878.5636363636364
2740.0,20,368.0,6.032786885245901,4.377387474882007,20,796.0,0.2399346220606532,20,796.0,793.655737704918
2745.0,21,421.0,7.135593220338983,4.05968911762142,21,810.0,0.20329223277979366,21,810.0,822.3559322033898
2750.0,24,505.0,8.14516129032258,4.147321227988209,24,825.0,0.15785686827760487,24,825.0,784.3709677419355
2755.0,26,628.0,10.827586206896552,4.466998021345811,26,907.0,0.17762033797032836,26,907.0,840.6896551724138
2760.0,20,363.0,6.482142857142857,4.444274984065294,20,835.0,0.20345897687467485,20,835.0,872.8214285714286
2765.0,23,325.0,5.909090909090909,4.317891388554783,23,702.0,0.19612986747418543,23,702.0,890.6
2770.0,26,282.0,5.127272727272727,3.5082043529526334,26,634.0,0.11959402242843027,26,634.0,892.8909090909091
2775.0,26,235.0,4.196428571428571,4.388354755739021,26,530.0,0.1797520048953772,26,530.0,879.2857142857143
2780.0,25,260.0,4.56140350877193,4.405838345388415,25,618.0,0.20762574026279548,25,618.0,866.1228070175439
2785.0,25,238.0,4.327272727272727,3.1840050472434904,25,665.0,0.10652140889401665,25,665.0,899.8727272727273
2790.0,26,292.0,5.3090909090909095,4.533127001245931,26,720.0,0.19742863086051687,26,720.0,902.3818181818182
2795.0,19,257.0,5.03921568627451,3.69675335999549,19,708.0,0.14503512490485118,19,708.0,975.2156862745098
2800.0,23,336.0,6.461538461538462,4.289560491925544,23,729.0,0.18651378493078097,23,729.0,958.4230769230769
2805.0,26,325.0,6.5,2.881003589119508,26,735.0,0.09798724526478435,26,735.0,999.28
2810.0,25,316.0,5.642857142857143,4.367618349729741,25,692.0,0.2436346054537871,25,692.0,894.3928571428571
2815.0,25,334.0,5.964285714285714,3.8846741965734144,25,756.0,0.20557443315552448,25,756.0,896.7142857142857
2820.0,24,310.0,5.636363636363637,3.7179152227149648,24,761.0,0.15447064947640105,24,761.0,915.3272727272728
2825.0,24,180.0,3.2142857142857144,2.78820138623372,24,740.0,0.10109539740901763,24,740.0,901.1785714285714
2830.0,27,266.0,5.018867924528302,2.2537026760244045,27,870.0,0.08731938170075175,27,870.0,954.6981132075472
2835.0,27,351.0,6.381818181818182,2.469089259341915,27,938.0,0.10091466982389743,27,938.0,922.5636363636364
2840.0,24,421.0,7.796296296296297,2.645013679408802,24,933.0,0.10671533708496422,24,933.0,941.9629629629629
2845.0,22,347.0,5.88135593220339,3.450021813447754,22,929.0,0.1515790076066333,22,929.0,864.2033898305085
2850.0,18,262.0,4.678571428571429,3.829178951734152,18,842.0,0.21747893520973707,18,842.0,912.1964285714286
2855.0,20,288.0,4.9655172413793105,3.0081852464338414,20,835.0,0.11705107194156816,20,835.0,882.3620689655172
2860.0,24,330.0,5.593220338983051,3.339081092207506,24,794.0,0.10989074554353677,24,794.0,869.2881355932203
2865.0,23,413.0,7.0,4.250144802052351,23,788.0,0.11652028160190207,23,788.0,871.3050847457627
2870.0,17,223.0,4.12962962962963,3.6786054409160096,17,770.0,0.1716520396062821,17,770.0,953.8888888888889
2875.0,19,218.0,4.1923076923076925,3.93037709409398,19,676.0,0.18135199830458595,19,676.0,992.25
2880.0,22,282.0,5.423076923076923,3.0008969470322304,22,681.0,0.09089131994958835,22,681.0,994.3461538461538
2885.0,21,352.0,5.966101694915254,4.382337282335439,21,711.0,0.234123164774932,21,711.0,878.2881355932203
2890.0,21,433.0,7.4655172413793105,4.778734308927547,21,729.0,0.20640938610864348,21,729.0,895.1896551724138
2895.0,17,294.0,4.9,4.031386842098143,17,687.0,0.178692800787235,17,687.0,866.95
2900.0,19,160.0,3.018867924528302,3.6322467236777496,19,558.0,0.16959901710805989,19,558.0,983.2264150943396
2905.0,20,124.0,2.175438596491228,3.2800487620093746,20,576.0,0.15696742159726107,20,576.0,915.9298245614035
2910.0,28,238.0,4.25,2.932257423212025,28,638.0,0.07659749991074001,28,638.0,934.5
2915.0,34,299.0,5.339285714285714,2.264929998267799,34,752.0,0.058384561672471365,34,752.0,937.5
2920.0,32,315.0,5.338983050847458,3.8688318625223324,32,803.0,0.15547119204341062,32,803.0,892.6271186440678
2925.0,28,364.0,6.275862068965517,4.777241468345533,28,858.0,0.21000241659818444,28,858.0,910.4827586206897
2930.0,17,260.0,4.642857142857143,4.231799651415425,17,814.0,0.19110908638055393,17,814.0,944.9464285714286
2935.0,16,175.0,3.240740740740741,4.546253299580108,16,673.0,0.20820700074730655,16,673.0,981.3148148148148
2940.0,17,184.0,3.5384615384615383,3.227367358383082,17,648.0,0.12263203224260737,17,648.0,1020.6346153846154
2945.0,17,234.0,4.178571428571429,4.193440615497555,17,654.0,0.17220898406379942,17,654.0,949.2678571428571
2950.0,15,196.0,3.769230769230769,2.950741021069222,15,657.0,0.09307874891497867,15,657.0,1023.8269230769231
2955.0,23,292.0,4.866666666666666,4.492656168714522,23,705.0,0.2329661630756963,23,705.0,888.95
2960.0,23,366.0,6.535714285714286,3.76002441160183,23,773.0,0.19683843386934693,23,773.0,954.5714285714286
2965.0,21,428.0,7.508771929824562,3.255616095523804,21,798.0,0.1608246884542503,21,798.0,939.7719298245614
2970.0,25,527.0,9.24561403508772,4.174897368484392,25,831.0,0.12600195576289683,25,831.0,941.8771929824561
2975.0,22,436.0,7.927272727272728,3.83805193510478,22,808.0,0.16290339369807919,22,808.0,978.3090909090909
2980.0,18,334.0,6.549019607843137,4.095525388722819,18,674.0,0.20293167187701602,18,674.0,1056.862745098039
2985.0,21,160.0,2.962962962962963,3.6783259555598904,21,539.0,0.1614927041779962,21,539.0,999.8888888888889
2990.0,31,297.0,5.033898305084746,3.413121719201996,31,643.0,0.14680581588531902,31,643.0,917.4915254237288
2995.0,34,364.0,6.385964912280702,2.864949812185877,34,756.0,0.14306445295074618,34,756.0,952.7017543859649
3000.0,30,376.0,6.836363636363636,2.4244177819720782,30,814.0,0.08697974330841567,30,814.0,990.2181818181818
3005.0,31,435.0,7.5,4.283728223952812,31,858.0,0.14330408071428888,31,858.0,941.7241379310345
3010.0,22,369.0,6.833333333333333,3.3216844512078154,22,853.0,0.13177022838278424,22,853.0,1013.7777777777778
3015.0,17,295.0,5.673076923076923,4.466798348648724,17,716.0,0.22597898145792547,17,716.0,1054.5
3020.0,17,314.0,5.9245283018867925,4.023093370899805,17,709.0,0.16584489236652336,17,709.0,1036.2641509433963
3025.0,20,360.0,6.315789473684211,4.655781841408486,20,711.0,0.20779373158060202,20,711.0,965.140350877193
3030.0,17,127.0,2.189655172413793,4.972478730867719,17,668.0,0.25488940534385174,17,668.0,950.2068965517242
3035.0,19,151.0,2.7454545454545456,3.670444511641046,19,575.0,0.1440855612682171,19,575.0,1003.5272727272727
3040.0,24,216.0,3.857142857142857,3.168345563034941,24,607.0,0.12006573048246548,24,607.0,987.6964285714286
3045.0,26,295.0,5.363636363636363,3.158315691348949,26,614.0,0.07566220954278323,26,614.0,1007.9272727272727
3050.0,19,218.0,3.963636363636364,3.501138688196621,19,609.0,0.1410763119373734,19,609.0,1009.9454545454546
3055.0,15,145.0,2.843137254901961,3.6269918344227507,15,525.0,0.1534949801649674,15,525.0,1090.7058823529412
3060.0,18,186.0,3.6470588235294117,3.3414681477132135,18,538.0,0.12807875126281065,18,538.0,1092.450980392157
3065.0,16,220.0,4.0,4.154523140537996,16,537.0,0.188512667130042,16,537.0,1014.6
3070.0,15,150.0,2.727272727272727,3.5818282963244927,15,540.0,0.1639946856011108,15,540.0,1016.2
3075.0,24,247.0,4.490909090909091,3.5509058956839743,24,560.0,0.13001721573384134,24,560.0,1018.0545454545454
3080.0,25,320.0,6.037735849056604,2.9948875934329755,25,630.0,0.0963916912737765,25,630.0,1058.8490566037735
3085.0,24,372.0,7.153846153846154,3.0215219972334424,24,652.0,0.1159204818350186,24,652.0,1081.5
3090.0,22,456.0,8.60377358490566,4.758145414550196,22,680.0,0.16311687317691673,22,680.0,1063.2830188679245
3095.0,19,495.0,10.10204081632653,3.5037192973873954,19,767.0,0.12411074294269274,19,767.0,1152.1632653061224
3100.0,24,600.0,11.11111111111111,4.192794675669602,24,860.0,0.2592844610522862,24,860.0,1047.462962962963
3105.0,25,475.0,8.796296296296296,2.8974938059250173,25,845.0,0.17906355676165753,25,845.0,1049.9074074074074
3110.0,25,341.0,5.879310344827586,3.4384602506202104,25,680.0,0.16271430740223078,25,680.0,979.6206896551724
3115.0,31,359.0,6.084745762711864,2.7362191732544248,31,767.0,0.07660682028327313,31,767.0,965.4406779661017
3120.0,31,375.0,6.4655172413793105,2.9331147926545706,31,822.0,0.08843305897614903,31,822.0,984.7068965517242
3125.0,29,401.0,7.035087719298246,4.1796588980960045,29,846.0,0.12477523944252238,29,846.0,1004.5964912280701
3130.0,22,455.0,8.272727272727273,4.970449384339132,22,883.0,0.17000630185677648,22,883.0,1043.418181818182
3135.0,17,433.0,7.872727272727273,5.492404360820515,17,849.0,0.2985619661427374,17,849.0,1045.2727272727273
3140.0,14,399.0,7.528301886792453,5.2480734794538835,14,737.0,0.3113312140793898,14,737.0,1086.0377358490566
3145.0,20,204.0,3.709090909090909,3.8632914486004557,20,567.0,0.17500336133422745,20,567.0,1048.0545454545454
3150.0,33,341.0,6.314814814814815,2.872856706632211,33,638.0,0.10751685822972648,33,638.0,1070.0185185185185
3155.0,34,424.0,8.0,1.9558610213710619,34,752.0,0.0605211730115832,34,752.0,1093.6037735849056
3160.0,31,458.0,8.481481481481481,3.0322623641422672,31,777.0,0.12704190716550004,31,777.0,1076.388888888889
3165.0,25,503.0,9.145454545454545,3.894218312139527,25,801.0,0.11125400437083695,25,801.0,1059.3454545454545
3170.0,19,436.0,7.389830508474576,4.994859518854448,19,815.0,0.2734385478671357,19,815.0,989.4406779661017
3175.0,16,397.0,7.218181818181818,5.4400820501119656,16,748.0,0.3080336292523327,16,748.0,1062.8
3180.0,18,154.0,2.75,3.4217884301197716,18,676.0,0.1339671596762763,18,676.0,1045.392857142857
3185.0,30,210.0,3.6842105263157894,3.5137326025382087,30,567.0,0.12313954535519446,30,567.0,1029.2105263157894
3190.0,31,261.0,4.660714285714286,2.674703660819346,31,613.0,0.05680226076463608,31,613.0,1050.375
3195.0,30,270.0,4.7368421052631575,3.5026644116938113,30,636.0,0.10183102957086308,30,636.0,1034.6842105263158
3200.0,25,294.0,5.547169811320755,4.344857078523209,25,607.0,0.1497295920139942,25,607.0,1115.2830188679245
3205.0,20,341.0,6.314814814814815,5.718703344561339,20,619.0,0.25196015863612736,20,619.0,1096.6296296296296
3210.0,12,239.0,4.78,6.130740526081954,12,579.0,0.3430483380151356,12,579.0,1185.94
3215.0,11,184.0,3.7551020408163267,5.341457069239787,11,459.0,0.26624688933091334,11,459.0,1211.2448979591836
3220.0,22,198.0,3.96,3.3200734994394945,22,473.0,0.12716662927659206,22,473.0,1188.72
3225.0,34,349.0,6.584905660377358,2.6988272049252995,34,624.0,0.09772351864649394,34,624.0,1124.2830188679245
3230.0,34,427.0,8.54,1.5852705564941891,34,731.0,0.06354690053909859,34,731.0,1195.22
3235.0,30,460.0,8.846153846153847,2.8960500538714404,30,743.0,0.11934133897913246,30,743.0,1152.25
3240.0,27,492.0,9.461538461538462,3.9643876240795533,27,783.0,0.12093420172185913,27,783.0,1154.8846153846155
3245.0,16,408.0,7.157894736842105,5.594688452010555,16,759.0,0.30308166934924397,16,759.0,1055.421052631579
3250.0,14,388.0,7.607843137254902,4.491712986540374,14,696.0,0.22138602636743154,14,696.0,1180.9019607843138
3255.0,21,157.0,2.8035714285714284,3.692364478666678,21,639.0,0.1510668306543786,21,639.0,1077.107142857143
3260.0,27,187.0,3.5283018867924527,3.4598198295856575,27,560.0,0.11303788534503124,27,560.0,1140.3396226415093
3265.0,28,230.0,4.181818181818182,3.1288811903367755,28,595.0,0.11209065899064176,28,595.0,1101.4545454545455
3270.0,27,248.0,4.862745098039215,3.008373156996013,27,601.0,0.10018566008001939,27,601.0,1190.5882352941176
3275.0,23,274.0,5.372549019607843,4.599184032854286,23,584.0,0.13308958439308674,23,584.0,1193.078431372549
3280.0,19,329.0,6.326923076923077,6.137705547427131,19,592.0,0.28795959151751144,19,592.0,1172.1346153846155
3285.0,12,300.0,6.122448979591836,6.215761913464379,12,579.0,0.34974402137787297,12,579.0,1245.469387755102
3290.0,20,384.0,8.170212765957446,4.675260627376483,20,598.0,0.21430795706605762,20,598.0,1300.2553191489362
3295.0,21,269.0,5.489795918367347,4.130198102659666,21,600.0,0.1488136402792116,21,600.0,1249.3877551020407
3300.0,21,245.0,5.212765957446808,3.982571622514063,21,537.0,0.12244923108037029,21,537.0,1304.659574468085
3305.0,24,265.0,5.408163265306122,3.297050175162724,24,587.0,0.13768753847979143,24,587.0,1253.7755102040817
3310.0,20,238.0,5.173913043478261,3.5815401451475157,20,574.0,0.1173630060262072,20,574.0,1337.891304347826
3315.0,19,270.0,5.0,6.1305525593479615,19,552.0,0.3072836987117716,19,552.0,1141.6666666666667
3320.0,16,179.0,3.58,5.4950747270705,16,507.0,0.30580849655032044,16,507.0,1234.64
3325.0,20,257.0,5.244897959183674,3.9890887233596644,20,598.0,0.19376587207002535,20,598.0,1261.6938775510205
3330.0,26,236.0,4.916666666666667,2.945010186302023,26,609.0,0.13550962384386234,26,609.0,1290.5625
3335.0,24,252.0,5.04,3.128320809486877,24,571.0,0.1130995565750917,24,571.0,1241.28
3340.0,24,272.0,5.333333333333333,2.833322580053218,24,628.0,0.09704860883821072,24,628.0,1219.4705882352941
3345.0,27,247.0,4.8431372549019605,3.6747522504619314,27,622.0,0.13239994360327026,27,622.0,1221.9607843137255
3350.0,21,277.0,5.12962962962963,5.265440543831587,21,584.0,0.21860615056194538,21,584.0,1156.2407407407406
3355.0,17,315.0,6.176470588235294,6.749245064215633,17,599.0,0.3359109039713407,17,599.0,1226.1176470588234
3360.0,12,176.0,3.8260869565217392,5.180028032336514,12,543.0,0.24910261371236375,12,543.0,1360.9130434782608
3365.0,19,260.0,5.777777777777778,4.520936550476421,19,534.0,0.22126033476680318,19,534.0,1393.0222222222221
3370.0,20,195.0,4.239130434782608,3.6299987451006626,20,533.0,0.13689862497527414,20,533.0,1364.9347826086957
3375.0,18,162.0,3.4468085106382977,4.26950755930649,18,437.0,0.17631018321408523,18,437.0,1337.936170212766
3380.0,19,160.0,3.4782608695652173,3.4220608090102367,19,469.0,0.1278951086389431,19,469.0,1369.2173913043478
3385.0,19,121.0,2.4693877551020407,4.951941769414712,19,440.0,0.21836677051968906,19,440.0,1287.265306122449
3390.0,17,154.0,3.08,6.490353763113525,17,408.0,0.3266348962407845,17,408.0,1263.38
3395.0,9,100.0,2.127659574468085,5.008748071211992,9,400.0,0.24186735922246738,9,400.0,1345.4255319148936
3400.0,15,105.0,2.3333333333333335,4.569336249339958,15,358.0,0.2146876632181162,15,358.0,1406.4666666666667
3405.0,23,191.0,4.2444444444444445,3.1567340316958026,23,444.0,0.1049764235939879,23,444.0,1408.5333333333333
3410.0,32,332.0,6.916666666666667,2.6456916719387635,32,585.0,0.1038060790594006,32,585.0,1323.4375
3415.0,30,384.0,8.533333333333333,1.7677766319658934,30,669.0,0.06956359924636657,30,669.0,1415.1333333333334
3420.0,24,373.0,7.9361702127659575,2.8778336466090475,24,633.0,0.09775699478819119,24,633.0,1357.7659574468084
3425.0,21,404.0,7.769230769230769,5.223522190805155,21,642.0,0.23325732404291466,21,642.0,1229.3846153846155
3430.0,14,242.0,4.84,4.624107384836256,14,640.0,0.22714134195720886,14,640.0,1280.3
3435.0,21,277.0,5.8936170212765955,4.273562163331998,21,605.0,0.18080374125799906,21,605.0,1363.8510638297873
3440.0,20,184.0,3.7551020408163267,4.127941913123621,20,587.0,0.14632835587536971,20,587.0,1310.3469387755101
3445.0,21,196.0,4.170212765957447,3.6671678554372376,21,544.0,0.1344484840515702,21,544.0,1368.2978723404256
3450.0,21,200.0,4.166666666666667,3.4396068278672174,21,560.0,0.12173198743994519,21,560.0,1342.0833333333333
3455.0,21,146.0,3.2444444444444445,3.322416519111566,21,484.0,0.06159939503128946,21,484.0,1433.8222222222223
3460.0,18,154.0,2.9615384615384617,6.646133083542206,18,446.0,0.3220504739544562,18,446.0,1242.673076923077
3465.0,12,168.0,3.5,7.320089853438237,12,433.0,0.35689538537497767,12,433.0,1347.6875
3470.0,11,103.0,2.239130434782609,5.96224272483792,11,372.0,0.2905677247923295,11,372.0,1407.4130434782608
3475.0,14,127.0,2.953488372093023,5.501999148584092,14,338.0,0.2497205817530006,14,338.0,1507.0232558139535
3480.0,20,193.0,4.386363636363637,3.948648112514258,20,388.0,0.1365431649784803,20,388.0,1474.6818181818182
3485.0,28,319.0,7.4186046511627906,2.5319671542057574,28,514.0,0.10082197089790836,28,514.0,1511.906976744186
3490.0,28,365.0,8.11111111111111,2.2222988842175306,28,590.0,0.09897485556284062,28,590.0,1447.911111111111
3495.0,23,361.0,7.36734693877551,3.560140314227715,23,595.0,0.1781790931615723,23,595.0,1332.2448979591836
3500.0,19,403.0,7.75,5.855008574724399,19,599.0,0.27762915914296876,19,599.0,1257.4423076923076
3505.0,17,442.0,8.84,5.761522661806393,17,596.0,0.23865999000350677,17,596.0,1309.48
3510.0,14,256.0,5.446808510638298,5.711306342465631,14,540.0,0.27040459931441835,14,540.0,1394.8297872340424
3515.0,13,261.0,6.069767441860465,4.7183766456558285,13,455.0,0.21166633490002768,13,455.0,1526.046511627907
3520.0,16,312.0,6.782608695652174,4.129838156398732,16,494.0,0.1850457775801882,16,494.0,1428.3695652173913
3525.0,15,370.0,8.604651162790697,4.180113285045471,15,527.0,0.1604667543475984,15,527.0,1529.8139534883721
3530.0,13,164.0,3.28,4.994933113080432,13,486.0,0.2909598720881843,13,486.0,1317.12
3535.0,13,88.0,1.8333333333333333,5.570014805560295,13,360.0,0.3213211218572493,13,360.0,1373.2291666666667
3540.0,15,109.0,2.2708333333333335,4.342559946479237,15,358.0,0.20036945343423768,15,358.0,1374.7916666666667
3545.0,19,129.0,2.6875,4.403477887807917,19,378.0,0.18039743693319513,19,378.0,1376.5
3550.0,19,198.0,4.212765957446808,4.118686890708301,19,436.0,0.15615418654328703,19,436.0,1407.7446808510638
3555.0,25,300.0,6.382978723404255,3.3719373397205996,25,549.0,0.1461067862075018,25,549.0,1410.1489361702127
3560.0,24,382.0,8.488888888888889,2.5419860841880224,24,634.0,0.1310638194978206,24,634.0,1475.6
3565.0,20,448.0,9.142857142857142,3.8653648100977023,20,675.0,0.21494705377346637,20,675.0,1357.3265306122448
3570.0,19,539.0,10.568627450980392,5.197143725334107,19,728.0,0.23603483273560308,19,728.0,1306.0392156862745
3575.0,17,411.0,7.903846153846154,4.311671944794051,17,695.0,0.1906115792897507,17,695.0,1282.6346153846155
3580.0,22,447.0,9.122448979591837,4.3932301758479255,22,647.0,0.15914234787024378,22,647.0,1363.2448979591836
3585.0,22,300.0,6.122448979591836,3.3309336511521455,22,618.0,0.10678550467040666,22,618.0,1365.5510204081634
3590.0,20,179.0,3.891304347826087,3.590069609510031,20,513.0,0.132051505866496,20,513.0,1457.0
3595.0,24,191.0,3.9791666666666665,3.3796140135727497,24,584.0,0.13979925137051402,24,584.0,1398.7708333333333
3600.0,22,164.0,3.727272727272727,2.9230746402042485,22,609.0,0.06624228061695271,22,609.0,1528.3636363636363
